parameter_no,no1,no2,no3,no4,no5
001,1,2,4,3,5
002,1,3,4,2,5
003,1,2,4,3,5
004,1,2,4,3,5
005,1,2,4,3,5
006,1,2,4,3,5
007,1,2,4,3,5
008,1,2,4,3,5
009,1,2,4,3,5
010,1,2,4,3,5
011,1,2,4,3,5
012,1,2,4,3,5
013,1,2,4,3,5
014,1,3,4,2,5
015,1,3,4,2,5
016,1,3,4,2,5
017,1,3,4,2,5
018,1,3,4,2,5
019,1,3,4,2,5
020,1,3,4,2,5
021,1,3,4,2,5
022,1,3,4,2,5
023,1,3,4,2,5
024,1,3,4,2,5
025,1,3,4,2,5
026,1,3,4,2,5
027,1,3,4,2,5
028,1,3,4,2,5
029,1,3,4,2,5
030,1,3,4,2,5
031,1,3,4,2,5
032,1,3,4,2,5
033,1,3,4,2,5
034,1,3,4,2,5
035,1,3,4,2,5
036,1,3,4,2,5
037,1,3,4,2,5
038,1,3,4,2,5
039,1,3,4,2,5
040,1,3,4,2,5
041,1,3,4,2,5
042,1,3,4,2,5
043,1,3,4,2,5
044,1,3,4,2,5
045,1,3,4,2,5
046,1,3,4,2,5
047,1,3,4,2,5
048,1,3,4,2,5
049,1,3,4,2,5
050,1,3,4,2,5
051,1,3,4,2,5
052,1,3,4,2,5
053,1,3,4,2,5
054,1,3,4,2,5
055,1,3,4,2,5
056,1,3,4,2,5
057,1,3,4,2,5
058,1,3,4,2,5
059,1,3,4,2,5
060,1,3,4,2,5
061,1,3,4,2,5
062,1,3,4,2,5
063,1,3,4,2,5